profile_text,template_index
"Rahul Sharma is a Social Media Manager with 2 years of experience at Meta. Skills include SEO, Content Marketing, Google Analytics.",11
"Rohit Kumar is a Investment Analyst with 4 years of experience at Meta. Skills include Financial Modeling, Excel, Risk Analysis.",26
"Anjali Gupta is a HR Manager with 10 years of experience at Accenture. Skills include HR Policies, Employee Relations, Talent Management.",44
"Rahul Sharma is a Backend Engineer with 2 years of experience at Meta. Skills include Django, Python, Flask.",30
"Vikas Mehta is a Talent Acquisition Specialist with 2 years of experience at Infosys. Skills include Talent Management, Recruitment, HR Policies.",39
"Anjali Gupta is a Risk Analyst with 6 years of experience at Microsoft. Skills include Budget Forecasting, Excel, Financial Modeling.",31
"Anjali Gupta is a Full Stack Developer with 7 years of experience at TCS. Skills include Python, SQL, Django.",9
"Sneha Patel is a Python Developer with 9 years of experience at Google. Skills include REST APIs, TensorFlow, SQL.",19
"Vikas Mehta is a SEO Analyst with 2 years of experience at Google. Skills include SEO, Email Marketing, Google Analytics.",43
"Neha Kapoor is a HR Generalist with 4 years of experience at Infosys. Skills include Employee Relations, Talent Management, Recruitment.",43
"Rahul Sharma is a Backend Engineer with 8 years of experience at Amazon. Skills include SQL, Flask, Django.",38
"Priya Singh is a Full Stack Developer with 10 years of experience at TCS. Skills include TensorFlow, Machine Learning, SQL.",15
"Vikas Mehta is a Data Scientist with 9 years of experience at Infosys. Skills include Machine Learning, Django, SQL.",6
"Amit Verma is a HR Manager with 1 years of experience at TCS. Skills include HR Policies, Recruitment, Employee Relations.",13
"Amit Verma is a Data Scientist with 7 years of experience at Google. Skills include SQL, Machine Learning, Python.",26
"Sneha Patel is a Risk Analyst with 2 years of experience at TCS. Skills include Financial Modeling, Excel, Budget Forecasting.",48
"Sneha Patel is a HR Generalist with 2 years of experience at TCS. Skills include Recruitment, HR Policies, Talent Management.",23
"Anjali Gupta is a Investment Analyst with 1 years of experience at Meta. Skills include Budget Forecasting, Risk Analysis, Financial Modeling.",30
"Vikas Mehta is a Digital Marketing Specialist with 9 years of experience at Infosys. Skills include Social Media Marketing, Google Analytics, Content Marketing.",9
"Vikas Mehta is a Social Media Manager with 10 years of experience at Google. Skills include Google Analytics, Email Marketing, Content Marketing.",27
"Neha Kapoor is a Investment Analyst with 3 years of experience at IBM. Skills include Risk Analysis, Budget Forecasting, Investment Analysis.",32
"Vikas Mehta is a Accountant with 1 years of experience at Google. Skills include Budget Forecasting, Risk Analysis, Investment Analysis.",28
"Priya Singh is a Talent Acquisition Specialist with 3 years of experience at Infosys. Skills include HR Policies, Employee Relations, Talent Management.",14
"Amit Verma is a HR Generalist with 7 years of experience at Meta. Skills include Recruitment, Employee Relations, Talent Management.",23
"Sneha Patel is a Python Developer with 1 years of experience at Amazon. Skills include Python, Docker, Django.",11
"Rahul Sharma is a Data Scientist with 4 years of experience at Meta. Skills include SQL, TensorFlow, Flask.",13
"Rohit Kumar is a SEO Analyst with 10 years of experience at TCS. Skills include Email Marketing, Google Analytics, Social Media Marketing.",35
"Anjali Gupta is a SEO Analyst with 2 years of experience at Amazon. Skills include Email Marketing, Social Media Marketing, Google Analytics.",22
"Neha Kapoor is a HR Generalist with 6 years of experience at Google. Skills include Employee Relations, HR Policies, Talent Management.",9
"Anjali Gupta is a HR Manager with 3 years of experience at IBM. Skills include Recruitment, HR Policies, Talent Management.",4
"Neha Kapoor is a Talent Acquisition Specialist with 2 years of experience at Infosys. Skills include Talent Management, Employee Relations, HR Policies.",34
"Rohit Kumar is a Data Scientist with 9 years of experience at Infosys. Skills include Git, Django, Machine Learning.",37
"Anjali Gupta is a Digital Marketing Specialist with 8 years of experience at Google. Skills include Social Media Marketing, Email Marketing, Google Analytics.",45
"Rohit Kumar is a HR Generalist with 6 years of experience at Meta. Skills include Recruitment, Talent Management, Employee Relations.",17
"Rohit Kumar is a Financial Analyst with 5 years of experience at Amazon. Skills include Investment Analysis, Risk Analysis, Excel.",45
"Vikas Mehta is a Full Stack Developer with 2 years of experience at Meta. Skills include TensorFlow, SQL, Git.",5
"Sneha Patel is a Accountant with 5 years of experience at Infosys. Skills include Risk Analysis, Budget Forecasting, Investment Analysis.",20
"Amit Verma is a HR Manager with 3 years of experience at Infosys. Skills include Employee Relations, Talent Management, Recruitment.",7
"Amit Verma is a HR Generalist with 2 years of experience at Meta. Skills include Employee Relations, Recruitment, HR Policies.",45
"Amit Verma is a HR Manager with 10 years of experience at TCS. Skills include Recruitment, HR Policies, Employee Relations.",46
"Priya Singh is a Social Media Manager with 1 years of experience at Microsoft. Skills include SEO, Google Analytics, Email Marketing.",27
"Anjali Gupta is a Talent Acquisition Specialist with 9 years of experience at Infosys. Skills include Employee Relations, HR Policies, Recruitment.",31
"Anjali Gupta is a Risk Analyst with 9 years of experience at Microsoft. Skills include Financial Modeling, Excel, Risk Analysis.",40
"Sneha Patel is a HR Manager with 9 years of experience at IBM. Skills include Employee Relations, HR Policies, Talent Management.",14
"Anjali Gupta is a Financial Analyst with 8 years of experience at Microsoft. Skills include Investment Analysis, Budget Forecasting, Excel.",29
"Neha Kapoor is a HR Manager with 7 years of experience at Amazon. Skills include Recruitment, HR Policies, Talent Management.",10
"Neha Kapoor is a Investment Analyst with 2 years of experience at TCS. Skills include Risk Analysis, Financial Modeling, Excel.",49
"Neha Kapoor is a Digital Marketing Specialist with 10 years of experience at Meta. Skills include Email Marketing, Content Marketing, Social Media Marketing.",1
"Priya Singh is a Digital Marketing Specialist with 10 years of experience at Google. Skills include Google Analytics, SEO, Email Marketing.",4
"Priya Singh is a Digital Marketing Specialist with 1 years of experience at Google. Skills include Google Analytics, Social Media Marketing, SEO.",1
"Amit Verma is a Backend Engineer with 2 years of experience at Microsoft. Skills include SQL, Flask, Machine Learning.",21
"Rahul Sharma is a Risk Analyst with 7 years of experience at Microsoft. Skills include Financial Modeling, Excel, Budget Forecasting.",5
"Amit Verma is a HR Generalist with 6 years of experience at TCS. Skills include Recruitment, HR Policies, Employee Relations.",33
"Amit Verma is a SEO Analyst with 6 years of experience at Infosys. Skills include Google Analytics, Email Marketing, Content Marketing.",44
"Anjali Gupta is a Accountant with 5 years of experience at TCS. Skills include Excel, Investment Analysis, Risk Analysis.",40
"Rohit Kumar is a Python Developer with 4 years of experience at Infosys. Skills include Python, Flask, REST APIs.",24
"Vikas Mehta is a Social Media Manager with 6 years of experience at Microsoft. Skills include SEO, Email Marketing, Google Analytics.",39
"Sneha Patel is a Accountant with 5 years of experience at Microsoft. Skills include Risk Analysis, Investment Analysis, Excel.",42
"Rohit Kumar is a Content Strategist with 2 years of experience at IBM. Skills include Email Marketing, Social Media Marketing, SEO.",16
"Amit Verma is a Talent Acquisition Specialist with 2 years of experience at Infosys. Skills include Recruitment, HR Policies, Talent Management.",1
"Rahul Sharma is a Digital Marketing Specialist with 3 years of experience at Google. Skills include Google Analytics, Content Marketing, SEO.",39
"Vikas Mehta is a Social Media Manager with 1 years of experience at IBM. Skills include SEO, Social Media Marketing, Email Marketing.",3
"Sneha Patel is a HR Generalist with 4 years of experience at TCS. Skills include Talent Management, HR Policies, Employee Relations.",45
"Amit Verma is a Content Strategist with 1 years of experience at Amazon. Skills include Google Analytics, Content Marketing, Social Media Marketing.",14
"Amit Verma is a HR Generalist with 3 years of experience at Microsoft. Skills include HR Policies, Recruitment, Employee Relations.",26
"Rahul Sharma is a Financial Analyst with 3 years of experience at TCS. Skills include Investment Analysis, Budget Forecasting, Financial Modeling.",16
"Vikas Mehta is a HR Generalist with 2 years of experience at IBM. Skills include Recruitment, Talent Management, HR Policies.",28
"Amit Verma is a HR Manager with 1 years of experience at Accenture. Skills include Recruitment, Talent Management, HR Policies.",16
"Anjali Gupta is a Data Scientist with 6 years of experience at Accenture. Skills include Python, Machine Learning, Docker.",32
"Rohit Kumar is a Talent Acquisition Specialist with 3 years of experience at TCS. Skills include HR Policies, Talent Management, Employee Relations.",9
"Rahul Sharma is a Backend Engineer with 6 years of experience at IBM. Skills include SQL, Python, Docker.",5
"Vikas Mehta is a Financial Analyst with 4 years of experience at IBM. Skills include Investment Analysis, Excel, Risk Analysis.",7
"Neha Kapoor is a Content Strategist with 2 years of experience at Amazon. Skills include Email Marketing, SEO, Content Marketing.",3
"Sneha Patel is a Full Stack Developer with 2 years of experience at TCS. Skills include Machine Learning, Git, REST APIs.",25
"Anjali Gupta is a HR Generalist with 5 years of experience at Meta. Skills include Recruitment, HR Policies, Talent Management.",17
"Rahul Sharma is a Machine Learning Engineer with 8 years of experience at Meta. Skills include TensorFlow, REST APIs, Flask.",43
"Vikas Mehta is a Risk Analyst with 4 years of experience at Google. Skills include Budget Forecasting, Risk Analysis, Excel.",12
"Rahul Sharma is a Data Scientist with 9 years of experience at Infosys. Skills include Docker, SQL, Git.",21
"Neha Kapoor is a Investment Analyst with 6 years of experience at Amazon. Skills include Excel, Budget Forecasting, Investment Analysis.",8
"Anjali Gupta is a HR Manager with 3 years of experience at Accenture. Skills include Employee Relations, Recruitment, HR Policies.",20
"Rohit Kumar is a HR Manager with 9 years of experience at Accenture. Skills include Recruitment, HR Policies, Talent Management.",35
"Priya Singh is a Machine Learning Engineer with 1 years of experience at Amazon. Skills include SQL, Python, Docker.",2
"Neha Kapoor is a Machine Learning Engineer with 8 years of experience at Meta. Skills include Docker, Django, SQL.",35
"Rohit Kumar is a Data Scientist with 2 years of experience at Amazon. Skills include Docker, Machine Learning, Django.",13
"Rahul Sharma is a Talent Acquisition Specialist with 1 years of experience at Infosys. Skills include Talent Management, HR Policies, Recruitment.",43
"Sneha Patel is a Python Developer with 9 years of experience at IBM. Skills include TensorFlow, Git, SQL.",25
"Priya Singh is a Python Developer with 3 years of experience at Microsoft. Skills include Docker, SQL, TensorFlow.",6
"Rahul Sharma is a HR Generalist with 6 years of experience at IBM. Skills include Recruitment, Talent Management, HR Policies.",1
"Priya Singh is a Investment Analyst with 4 years of experience at Google. Skills include Risk Analysis, Budget Forecasting, Financial Modeling.",13
"Vikas Mehta is a Accountant with 10 years of experience at Meta. Skills include Excel, Financial Modeling, Investment Analysis.",1
"Vikas Mehta is a HR Generalist with 5 years of experience at Google. Skills include HR Policies, Talent Management, Recruitment.",28
"Priya Singh is a Financial Analyst with 4 years of experience at TCS. Skills include Investment Analysis, Excel, Budget Forecasting.",17
"Rohit Kumar is a Digital Marketing Specialist with 2 years of experience at Meta. Skills include Social Media Marketing, SEO, Google Analytics.",42
"Sneha Patel is a Talent Acquisition Specialist with 4 years of experience at Amazon. Skills include HR Policies, Talent Management, Employee Relations.",45
"Rahul Sharma is a Data Scientist with 2 years of experience at IBM. Skills include Git, Django, Flask.",2
"Rohit Kumar is a Risk Analyst with 7 years of experience at Meta. Skills include Financial Modeling, Risk Analysis, Excel.",13
"Anjali Gupta is a Accountant with 3 years of experience at Microsoft. Skills include Budget Forecasting, Risk Analysis, Excel.",38
"Anjali Gupta is a HR Manager with 5 years of experience at TCS. Skills include Recruitment, HR Policies, Talent Management.",14
"Amit Verma is a Accountant with 3 years of experience at Amazon. Skills include Investment Analysis, Excel, Financial Modeling.",35
"Priya Singh is a HR Generalist with 1 years of experience at Meta. Skills include HR Policies, Recruitment, Employee Relations.",5
"Amit Verma is a Python Developer with 7 years of experience at Infosys. Skills include Docker, Git, Machine Learning.",27
"Sneha Patel is a Machine Learning Engineer with 1 years of experience at Microsoft. Skills include Python, Git, Django.",47
"Rohit Kumar is a Backend Engineer with 10 years of experience at Accenture. Skills include Machine Learning, Docker, SQL.",3
"Anjali Gupta is a Financial Analyst with 3 years of experience at Accenture. Skills include Financial Modeling, Budget Forecasting, Risk Analysis.",2
"Rohit Kumar is a Data Scientist with 4 years of experience at Microsoft. Skills include Machine Learning, SQL, Python.",8
"Rohit Kumar is a Full Stack Developer with 3 years of experience at Microsoft. Skills include Machine Learning, TensorFlow, Python.",46
"Priya Singh is a SEO Analyst with 9 years of experience at Infosys. Skills include Social Media Marketing, SEO, Content Marketing.",17
"Rohit Kumar is a Backend Engineer with 4 years of experience at IBM. Skills include REST APIs, Docker, Django.",31
"Rahul Sharma is a Risk Analyst with 3 years of experience at TCS. Skills include Risk Analysis, Financial Modeling, Excel.",0
"Rohit Kumar is a Investment Analyst with 7 years of experience at Meta. Skills include Excel, Risk Analysis, Investment Analysis.",2
"Vikas Mehta is a Investment Analyst with 5 years of experience at Meta. Skills include Risk Analysis, Financial Modeling, Budget Forecasting.",32
"Amit Verma is a SEO Analyst with 2 years of experience at Google. Skills include SEO, Social Media Marketing, Google Analytics.",38
"Rahul Sharma is a Full Stack Developer with 4 years of experience at Meta. Skills include Machine Learning, Django, Git.",12
"Sneha Patel is a Python Developer with 6 years of experience at Amazon. Skills include SQL, REST APIs, Flask.",28
"Neha Kapoor is a Financial Analyst with 6 years of experience at Google. Skills include Investment Analysis, Risk Analysis, Financial Modeling.",46
"Amit Verma is a Investment Analyst with 5 years of experience at Amazon. Skills include Budget Forecasting, Risk Analysis, Excel.",11
"Rahul Sharma is a Full Stack Developer with 1 years of experience at Microsoft. Skills include Docker, SQL, Git.",0
"Rohit Kumar is a Python Developer with 1 years of experience at IBM. Skills include Git, Machine Learning, TensorFlow.",24
"Anjali Gupta is a Full Stack Developer with 9 years of experience at Google. Skills include REST APIs, Django, Git.",45
"Priya Singh is a Digital Marketing Specialist with 8 years of experience at Google. Skills include Google Analytics, Content Marketing, SEO.",24
"Priya Singh is a Accountant with 7 years of experience at TCS. Skills include Financial Modeling, Investment Analysis, Excel.",7
"Sneha Patel is a SEO Analyst with 7 years of experience at Microsoft. Skills include SEO, Email Marketing, Social Media Marketing.",14
"Neha Kapoor is a HR Manager with 5 years of experience at Google. Skills include HR Policies, Employee Relations, Talent Management.",49
"Sneha Patel is a Data Scientist with 6 years of experience at Google. Skills include TensorFlow, SQL, Flask.",43
"Amit Verma is a Accountant with 7 years of experience at IBM. Skills include Financial Modeling, Excel, Investment Analysis.",36
"Vikas Mehta is a SEO Analyst with 2 years of experience at TCS. Skills include SEO, Email Marketing, Social Media Marketing.",45
"Rohit Kumar is a Social Media Manager with 3 years of experience at IBM. Skills include Content Marketing, SEO, Email Marketing.",1
"Priya Singh is a Risk Analyst with 9 years of experience at TCS. Skills include Financial Modeling, Budget Forecasting, Investment Analysis.",44
"Neha Kapoor is a Data Scientist with 7 years of experience at Accenture. Skills include SQL, Django, Docker.",29
"Sneha Patel is a Investment Analyst with 3 years of experience at Amazon. Skills include Risk Analysis, Excel, Budget Forecasting.",8
"Neha Kapoor is a Accountant with 5 years of experience at Microsoft. Skills include Budget Forecasting, Excel, Risk Analysis.",36
"Neha Kapoor is a Talent Acquisition Specialist with 8 years of experience at Google. Skills include Recruitment, Talent Management, HR Policies.",48
"Priya Singh is a Social Media Manager with 3 years of experience at IBM. Skills include SEO, Content Marketing, Google Analytics.",37
"Rahul Sharma is a Backend Engineer with 1 years of experience at IBM. Skills include Docker, REST APIs, TensorFlow.",36
"Amit Verma is a Python Developer with 6 years of experience at Meta. Skills include Git, TensorFlow, Docker.",15
"Amit Verma is a Full Stack Developer with 3 years of experience at TCS. Skills include Docker, Python, Django.",36
"Rahul Sharma is a Content Strategist with 8 years of experience at Accenture. Skills include SEO, Email Marketing, Content Marketing.",12
"Rohit Kumar is a Talent Acquisition Specialist with 6 years of experience at Google. Skills include Talent Management, Employee Relations, HR Policies.",20
"Neha Kapoor is a HR Generalist with 9 years of experience at TCS. Skills include HR Policies, Employee Relations, Talent Management.",40
"Neha Kapoor is a HR Generalist with 6 years of experience at Accenture. Skills include Talent Management, HR Policies, Recruitment.",13
"Amit Verma is a Full Stack Developer with 4 years of experience at Microsoft. Skills include SQL, TensorFlow, Django.",15
"Neha Kapoor is a Full Stack Developer with 5 years of experience at Meta. Skills include Flask, REST APIs, Django.",9
"Rahul Sharma is a HR Generalist with 5 years of experience at Accenture. Skills include Talent Management, HR Policies, Employee Relations.",28
"Rohit Kumar is a Financial Analyst with 2 years of experience at Infosys. Skills include Risk Analysis, Financial Modeling, Budget Forecasting.",30
"Priya Singh is a Content Strategist with 1 years of experience at Accenture. Skills include SEO, Email Marketing, Social Media Marketing.",17
"Rohit Kumar is a Accountant with 5 years of experience at Infosys. Skills include Excel, Investment Analysis, Budget Forecasting.",7
"Neha Kapoor is a Machine Learning Engineer with 7 years of experience at Infosys. Skills include SQL, REST APIs, TensorFlow.",1
"Anjali Gupta is a Content Strategist with 7 years of experience at IBM. Skills include Google Analytics, Email Marketing, Content Marketing.",42
"Priya Singh is a Digital Marketing Specialist with 9 years of experience at Microsoft. Skills include Email Marketing, Social Media Marketing, Google Analytics.",43
"Vikas Mehta is a Talent Acquisition Specialist with 8 years of experience at TCS. Skills include Employee Relations, Talent Management, HR Policies.",20
"Amit Verma is a SEO Analyst with 2 years of experience at Google. Skills include Social Media Marketing, Google Analytics, Email Marketing.",22
"Rohit Kumar is a Financial Analyst with 7 years of experience at Microsoft. Skills include Excel, Risk Analysis, Financial Modeling.",39
"Neha Kapoor is a Full Stack Developer with 4 years of experience at Amazon. Skills include REST APIs, Flask, TensorFlow.",45
"Neha Kapoor is a Social Media Manager with 3 years of experience at IBM. Skills include Social Media Marketing, Email Marketing, Google Analytics.",30
"Priya Singh is a Accountant with 2 years of experience at Google. Skills include Budget Forecasting, Risk Analysis, Financial Modeling.",29
"Anjali Gupta is a Investment Analyst with 10 years of experience at Microsoft. Skills include Budget Forecasting, Excel, Risk Analysis.",41
"Sneha Patel is a Content Strategist with 3 years of experience at Google. Skills include Google Analytics, Social Media Marketing, Content Marketing.",15
"Neha Kapoor is a HR Generalist with 10 years of experience at Google. Skills include Employee Relations, Recruitment, HR Policies.",5
"Sneha Patel is a Risk Analyst with 6 years of experience at Google. Skills include Risk Analysis, Financial Modeling, Budget Forecasting.",33
"Rohit Kumar is a SEO Analyst with 3 years of experience at TCS. Skills include Content Marketing, Google Analytics, Email Marketing.",23
"Neha Kapoor is a Accountant with 10 years of experience at TCS. Skills include Budget Forecasting, Excel, Risk Analysis.",32
"Rohit Kumar is a Accountant with 2 years of experience at Accenture. Skills include Excel, Financial Modeling, Risk Analysis.",41
"Priya Singh is a Digital Marketing Specialist with 10 years of experience at TCS. Skills include Content Marketing, Email Marketing, Social Media Marketing.",26
"Anjali Gupta is a Accountant with 4 years of experience at Amazon. Skills include Budget Forecasting, Excel, Risk Analysis.",44
"Rahul Sharma is a Digital Marketing Specialist with 3 years of experience at Accenture. Skills include Google Analytics, SEO, Email Marketing.",13
"Neha Kapoor is a HR Manager with 5 years of experience at Meta. Skills include HR Policies, Talent Management, Recruitment.",5
"Sneha Patel is a HR Manager with 5 years of experience at Amazon. Skills include Talent Management, HR Policies, Recruitment.",1
"Anjali Gupta is a HR Generalist with 6 years of experience at Infosys. Skills include Recruitment, HR Policies, Talent Management.",11
"Sneha Patel is a Investment Analyst with 7 years of experience at Microsoft. Skills include Excel, Risk Analysis, Investment Analysis.",42
"Sneha Patel is a HR Generalist with 7 years of experience at IBM. Skills include Talent Management, Employee Relations, HR Policies.",29
"Priya Singh is a Data Scientist with 1 years of experience at Meta. Skills include Machine Learning, Flask, Django.",36
"Sneha Patel is a Full Stack Developer with 8 years of experience at IBM. Skills include TensorFlow, Git, REST APIs.",4
"Neha Kapoor is a Social Media Manager with 5 years of experience at Amazon. Skills include Social Media Marketing, Content Marketing, SEO.",10
"Rohit Kumar is a Talent Acquisition Specialist with 4 years of experience at Microsoft. Skills include HR Policies, Recruitment, Employee Relations.",21
"Rahul Sharma is a Digital Marketing Specialist with 1 years of experience at Microsoft. Skills include Email Marketing, Content Marketing, Social Media Marketing.",24
"Neha Kapoor is a HR Generalist with 2 years of experience at Amazon. Skills include Employee Relations, Talent Management, Recruitment.",32
"Rahul Sharma is a Risk Analyst with 2 years of experience at Meta. Skills include Excel, Budget Forecasting, Financial Modeling.",13
"Rohit Kumar is a Social Media Manager with 10 years of experience at Infosys. Skills include Email Marketing, Social Media Marketing, Content Marketing.",23
"Rahul Sharma is a HR Generalist with 9 years of experience at Meta. Skills include Recruitment, HR Policies, Employee Relations.",15
"Neha Kapoor is a Machine Learning Engineer with 2 years of experience at Infosys. Skills include Git, Docker, REST APIs.",48
"Amit Verma is a HR Generalist with 7 years of experience at TCS. Skills include Recruitment, Talent Management, Employee Relations.",36
"Vikas Mehta is a Financial Analyst with 10 years of experience at Infosys. Skills include Excel, Investment Analysis, Financial Modeling.",15
"Neha Kapoor is a Backend Engineer with 3 years of experience at Accenture. Skills include Django, Python, Docker.",10
"Neha Kapoor is a Data Scientist with 8 years of experience at Meta. Skills include Docker, REST APIs, Git.",2
"Amit Verma is a Full Stack Developer with 8 years of experience at Google. Skills include Django, Git, Docker.",11
"Anjali Gupta is a Digital Marketing Specialist with 2 years of experience at Google. Skills include SEO, Email Marketing, Social Media Marketing.",8
"Vikas Mehta is a HR Generalist with 9 years of experience at Infosys. Skills include HR Policies, Talent Management, Employee Relations.",29
"Amit Verma is a Talent Acquisition Specialist with 10 years of experience at Meta. Skills include HR Policies, Talent Management, Recruitment.",22
"Neha Kapoor is a Financial Analyst with 5 years of experience at Microsoft. Skills include Budget Forecasting, Excel, Risk Analysis.",48
"Sneha Patel is a Social Media Manager with 2 years of experience at Infosys. Skills include Social Media Marketing, Content Marketing, Email Marketing.",18
"Rohit Kumar is a Backend Engineer with 4 years of experience at TCS. Skills include Docker, Python, SQL.",39
"Priya Singh is a Investment Analyst with 1 years of experience at Amazon. Skills include Risk Analysis, Financial Modeling, Budget Forecasting.",26
"Neha Kapoor is a Backend Engineer with 9 years of experience at Meta. Skills include Machine Learning, Flask, SQL.",16
"Neha Kapoor is a Backend Engineer with 4 years of experience at Microsoft. Skills include TensorFlow, Django, Docker.",29
"Neha Kapoor is a Python Developer with 9 years of experience at Infosys. Skills include Docker, Machine Learning, Django.",0
"Neha Kapoor is a Accountant with 9 years of experience at Meta. Skills include Budget Forecasting, Risk Analysis, Investment Analysis.",37
"Anjali Gupta is a Digital Marketing Specialist with 5 years of experience at Meta. Skills include Content Marketing, Social Media Marketing, Google Analytics.",7
"Amit Verma is a Risk Analyst with 2 years of experience at Accenture. Skills include Investment Analysis, Financial Modeling, Excel.",13
"Amit Verma is a Risk Analyst with 4 years of experience at Microsoft. Skills include Investment Analysis, Excel, Budget Forecasting.",43
"Anjali Gupta is a Talent Acquisition Specialist with 9 years of experience at Google. Skills include Talent Management, Recruitment, HR Policies.",0
"Rohit Kumar is a Social Media Manager with 2 years of experience at Amazon. Skills include Social Media Marketing, Google Analytics, Email Marketing.",12
"Anjali Gupta is a Data Scientist with 3 years of experience at Infosys. Skills include Git, Python, Django.",9
"Sneha Patel is a HR Generalist with 8 years of experience at Microsoft. Skills include Employee Relations, HR Policies, Recruitment.",28
"Amit Verma is a HR Manager with 10 years of experience at Infosys. Skills include Talent Management, Employee Relations, HR Policies.",37
"Anjali Gupta is a Python Developer with 2 years of experience at Infosys. Skills include Django, SQL, Docker.",1
"Anjali Gupta is a SEO Analyst with 1 years of experience at Google. Skills include Content Marketing, Social Media Marketing, Google Analytics.",40
"Priya Singh is a Talent Acquisition Specialist with 8 years of experience at Amazon. Skills include HR Policies, Employee Relations, Recruitment.",6
"Priya Singh is a Content Strategist with 7 years of experience at IBM. Skills include Google Analytics, SEO, Content Marketing.",30
"Rahul Sharma is a HR Generalist with 1 years of experience at Accenture. Skills include Talent Management, Employee Relations, HR Policies.",5
"Anjali Gupta is a Digital Marketing Specialist with 2 years of experience at TCS. Skills include Google Analytics, Social Media Marketing, Content Marketing.",6
"Vikas Mehta is a Talent Acquisition Specialist with 4 years of experience at Accenture. Skills include Talent Management, HR Policies, Employee Relations.",29
"Rohit Kumar is a Accountant with 10 years of experience at Google. Skills include Budget Forecasting, Excel, Investment Analysis.",10
"Vikas Mehta is a Risk Analyst with 4 years of experience at IBM. Skills include Investment Analysis, Excel, Budget Forecasting.",32
"Priya Singh is a HR Generalist with 7 years of experience at Meta. Skills include Talent Management, Employee Relations, HR Policies.",41
"Neha Kapoor is a Talent Acquisition Specialist with 9 years of experience at Infosys. Skills include HR Policies, Recruitment, Employee Relations.",14
"Sneha Patel is a Risk Analyst with 1 years of experience at Google. Skills include Investment Analysis, Risk Analysis, Budget Forecasting.",16
"Amit Verma is a Risk Analyst with 10 years of experience at Meta. Skills include Investment Analysis, Financial Modeling, Risk Analysis.",12
"Rahul Sharma is a SEO Analyst with 7 years of experience at Accenture. Skills include Email Marketing, Content Marketing, Google Analytics.",41
"Priya Singh is a Digital Marketing Specialist with 7 years of experience at Google. Skills include Content Marketing, Google Analytics, Email Marketing.",17
"Rahul Sharma is a Talent Acquisition Specialist with 5 years of experience at Infosys. Skills include Talent Management, Recruitment, HR Policies.",8
"Priya Singh is a Investment Analyst with 7 years of experience at TCS. Skills include Investment Analysis, Financial Modeling, Excel.",0
"Amit Verma is a Accountant with 4 years of experience at Microsoft. Skills include Financial Modeling, Risk Analysis, Excel.",42
"Priya Singh is a Backend Engineer with 2 years of experience at Amazon. Skills include REST APIs, Flask, SQL.",6
"Amit Verma is a Data Scientist with 9 years of experience at Meta. Skills include Git, REST APIs, SQL.",27
"Vikas Mehta is a Risk Analyst with 8 years of experience at IBM. Skills include Risk Analysis, Budget Forecasting, Excel.",31
"Amit Verma is a HR Manager with 4 years of experience at Microsoft. Skills include Recruitment, Talent Management, Employee Relations.",9
"Priya Singh is a HR Manager with 1 years of experience at Infosys. Skills include Talent Management, HR Policies, Recruitment.",19
"Amit Verma is a Python Developer with 7 years of experience at Google. Skills include TensorFlow, Flask, Docker.",8
"Rahul Sharma is a Talent Acquisition Specialist with 1 years of experience at Meta. Skills include Employee Relations, Recruitment, HR Policies.",9
"Neha Kapoor is a HR Manager with 8 years of experience at Microsoft. Skills include Talent Management, HR Policies, Employee Relations.",0
"Amit Verma is a Machine Learning Engineer with 10 years of experience at Meta. Skills include Flask, Docker, Machine Learning.",49
"Sneha Patel is a Risk Analyst with 7 years of experience at Microsoft. Skills include Risk Analysis, Budget Forecasting, Investment Analysis.",48
"Anjali Gupta is a Risk Analyst with 4 years of experience at Amazon. Skills include Budget Forecasting, Excel, Risk Analysis.",38
"Priya Singh is a Backend Engineer with 1 years of experience at TCS. Skills include Git, Flask, TensorFlow.",10
"Sneha Patel is a Machine Learning Engineer with 10 years of experience at Amazon. Skills include Python, Django, Git.",31
"Priya Singh is a Accountant with 5 years of experience at IBM. Skills include Excel, Financial Modeling, Investment Analysis.",49
"Rahul Sharma is a Python Developer with 1 years of experience at Meta. Skills include Machine Learning, Python, TensorFlow.",40
"Sneha Patel is a Python Developer with 3 years of experience at TCS. Skills include REST APIs, Python, Django.",9
"Vikas Mehta is a Backend Engineer with 8 years of experience at IBM. Skills include Machine Learning, REST APIs, Python.",2
"Vikas Mehta is a Talent Acquisition Specialist with 8 years of experience at Infosys. Skills include Talent Management, Recruitment, Employee Relations.",11
"Rahul Sharma is a Content Strategist with 1 years of experience at Microsoft. Skills include Social Media Marketing, Email Marketing, Content Marketing.",21
"Anjali Gupta is a Accountant with 5 years of experience at Amazon. Skills include Financial Modeling, Investment Analysis, Risk Analysis.",31
"Priya Singh is a Backend Engineer with 8 years of experience at Meta. Skills include Python, SQL, Docker.",40
"Sneha Patel is a Social Media Manager with 7 years of experience at Infosys. Skills include Email Marketing, SEO, Social Media Marketing.",36
"Sneha Patel is a HR Manager with 1 years of experience at Accenture. Skills include Talent Management, Employee Relations, Recruitment.",23
"Neha Kapoor is a Financial Analyst with 7 years of experience at Accenture. Skills include Budget Forecasting, Investment Analysis, Excel.",47
"Amit Verma is a HR Generalist with 8 years of experience at Amazon. Skills include Talent Management, Employee Relations, Recruitment.",45
"Sneha Patel is a Machine Learning Engineer with 3 years of experience at Microsoft. Skills include Flask, Django, Python.",18
"Vikas Mehta is a Data Scientist with 2 years of experience at IBM. Skills include Docker, Django, SQL.",15
"Sneha Patel is a Accountant with 1 years of experience at Accenture. Skills include Investment Analysis, Risk Analysis, Financial Modeling.",24
"Neha Kapoor is a HR Manager with 8 years of experience at Accenture. Skills include Talent Management, HR Policies, Recruitment.",49
"Priya Singh is a Machine Learning Engineer with 9 years of experience at Accenture. Skills include Git, Flask, Docker.",41
"Rahul Sharma is a SEO Analyst with 2 years of experience at Meta. Skills include Google Analytics, Content Marketing, Email Marketing.",11
"Sneha Patel is a Digital Marketing Specialist with 1 years of experience at Infosys. Skills include SEO, Content Marketing, Google Analytics.",6
"Sneha Patel is a Accountant with 6 years of experience at Meta. Skills include Investment Analysis, Excel, Financial Modeling.",8
"Rohit Kumar is a Social Media Manager with 1 years of experience at Microsoft. Skills include SEO, Content Marketing, Google Analytics.",23
"Rahul Sharma is a HR Generalist with 9 years of experience at Microsoft. Skills include Employee Relations, Recruitment, Talent Management.",17
"Priya Singh is a Social Media Manager with 8 years of experience at Infosys. Skills include SEO, Email Marketing, Content Marketing.",14
"Amit Verma is a Social Media Manager with 3 years of experience at Infosys. Skills include SEO, Email Marketing, Google Analytics.",26
"Anjali Gupta is a Risk Analyst with 3 years of experience at IBM. Skills include Risk Analysis, Excel, Budget Forecasting.",10
"Vikas Mehta is a Talent Acquisition Specialist with 3 years of experience at Google. Skills include Employee Relations, Recruitment, HR Policies.",16
"Anjali Gupta is a Data Scientist with 7 years of experience at Accenture. Skills include TensorFlow, Machine Learning, REST APIs.",12
"Priya Singh is a Full Stack Developer with 1 years of experience at Microsoft. Skills include SQL, Django, TensorFlow.",29
"Sneha Patel is a Risk Analyst with 5 years of experience at Google. Skills include Budget Forecasting, Investment Analysis, Risk Analysis.",6
"Rahul Sharma is a Accountant with 10 years of experience at Microsoft. Skills include Risk Analysis, Budget Forecasting, Financial Modeling.",30
"Rohit Kumar is a Financial Analyst with 4 years of experience at Microsoft. Skills include Budget Forecasting, Excel, Financial Modeling.",39
"Rohit Kumar is a Backend Engineer with 9 years of experience at Google. Skills include Git, Python, SQL.",49
"Amit Verma is a Backend Engineer with 8 years of experience at IBM. Skills include SQL, Django, Python.",48
"Priya Singh is a Talent Acquisition Specialist with 6 years of experience at Amazon. Skills include HR Policies, Talent Management, Recruitment.",44
"Anjali Gupta is a HR Manager with 10 years of experience at Google. Skills include Employee Relations, Recruitment, HR Policies.",22
"Vikas Mehta is a SEO Analyst with 2 years of experience at IBM. Skills include Social Media Marketing, SEO, Google Analytics.",17
"Sneha Patel is a Content Strategist with 2 years of experience at Accenture. Skills include SEO, Google Analytics, Content Marketing.",32
"Sneha Patel is a Digital Marketing Specialist with 1 years of experience at TCS. Skills include Email Marketing, Social Media Marketing, Content Marketing.",27
"Neha Kapoor is a SEO Analyst with 4 years of experience at Microsoft. Skills include Email Marketing, Content Marketing, Social Media Marketing.",11
"Sneha Patel is a Financial Analyst with 7 years of experience at Infosys. Skills include Budget Forecasting, Risk Analysis, Excel.",35
"Rohit Kumar is a HR Manager with 2 years of experience at Amazon. Skills include Talent Management, Recruitment, HR Policies.",31
"Priya Singh is a Machine Learning Engineer with 10 years of experience at Google. Skills include SQL, TensorFlow, REST APIs.",24
"Amit Verma is a HR Manager with 8 years of experience at Infosys. Skills include Talent Management, HR Policies, Recruitment.",32
"Vikas Mehta is a Risk Analyst with 9 years of experience at Microsoft. Skills include Budget Forecasting, Excel, Risk Analysis.",30
"Anjali Gupta is a Python Developer with 1 years of experience at Meta. Skills include Django, SQL, TensorFlow.",44
"Rohit Kumar is a Financial Analyst with 4 years of experience at TCS. Skills include Risk Analysis, Financial Modeling, Excel.",49
"Anjali Gupta is a Backend Engineer with 1 years of experience at Meta. Skills include Git, TensorFlow, Django.",30
"Rahul Sharma is a Talent Acquisition Specialist with 6 years of experience at Amazon. Skills include Recruitment, HR Policies, Talent Management.",21
"Rahul Sharma is a Accountant with 7 years of experience at TCS. Skills include Excel, Risk Analysis, Budget Forecasting.",3
"Anjali Gupta is a Social Media Manager with 2 years of experience at Amazon. Skills include Google Analytics, Social Media Marketing, Email Marketing.",1
"Rohit Kumar is a HR Manager with 3 years of experience at Google. Skills include Recruitment, Employee Relations, HR Policies.",18
"Priya Singh is a Financial Analyst with 9 years of experience at IBM. Skills include Investment Analysis, Excel, Budget Forecasting.",7
"Rahul Sharma is a HR Manager with 7 years of experience at Meta. Skills include Recruitment, Employee Relations, HR Policies.",2
"Neha Kapoor is a Full Stack Developer with 3 years of experience at Amazon. Skills include Machine Learning, REST APIs, Docker.",4
"Priya Singh is a Backend Engineer with 5 years of experience at IBM. Skills include TensorFlow, SQL, Git.",20
"Sneha Patel is a Digital Marketing Specialist with 9 years of experience at TCS. Skills include Social Media Marketing, Content Marketing, Email Marketing.",22
"Rahul Sharma is a Accountant with 3 years of experience at IBM. Skills include Investment Analysis, Financial Modeling, Excel.",19
"Rahul Sharma is a Accountant with 10 years of experience at TCS. Skills include Excel, Financial Modeling, Investment Analysis.",11
"Rohit Kumar is a Social Media Manager with 5 years of experience at Meta. Skills include Google Analytics, Content Marketing, SEO.",7
"Neha Kapoor is a SEO Analyst with 9 years of experience at Google. Skills include SEO, Email Marketing, Google Analytics.",26
"Anjali Gupta is a Social Media Manager with 9 years of experience at Google. Skills include SEO, Content Marketing, Google Analytics.",28
"Rohit Kumar is a Data Scientist with 9 years of experience at Accenture. Skills include Django, Flask, REST APIs.",25
"Priya Singh is a Digital Marketing Specialist with 1 years of experience at Accenture. Skills include Social Media Marketing, Google Analytics, Email Marketing.",15
"Priya Singh is a Content Strategist with 5 years of experience at Infosys. Skills include Content Marketing, SEO, Social Media Marketing.",0
"Amit Verma is a Accountant with 7 years of experience at Accenture. Skills include Investment Analysis, Financial Modeling, Risk Analysis.",34
"Anjali Gupta is a HR Manager with 5 years of experience at TCS. Skills include HR Policies, Recruitment, Talent Management.",19
"Rohit Kumar is a HR Generalist with 6 years of experience at Meta. Skills include HR Policies, Employee Relations, Recruitment.",19
"Rohit Kumar is a Full Stack Developer with 1 years of experience at Accenture. Skills include TensorFlow, SQL, REST APIs.",39
"Rohit Kumar is a Financial Analyst with 1 years of experience at TCS. Skills include Excel, Financial Modeling, Risk Analysis.",3
"Amit Verma is a Digital Marketing Specialist with 9 years of experience at Microsoft. Skills include Content Marketing, SEO, Google Analytics.",0
"Amit Verma is a Talent Acquisition Specialist with 4 years of experience at Meta. Skills include HR Policies, Employee Relations, Talent Management.",48
"Amit Verma is a Financial Analyst with 8 years of experience at Infosys. Skills include Budget Forecasting, Financial Modeling, Excel.",43
"Vikas Mehta is a Talent Acquisition Specialist with 9 years of experience at Accenture. Skills include Talent Management, HR Policies, Employee Relations.",5
"Rahul Sharma is a Full Stack Developer with 9 years of experience at TCS. Skills include REST APIs, Git, Docker.",27
"Amit Verma is a Risk Analyst with 10 years of experience at Microsoft. Skills include Excel, Budget Forecasting, Financial Modeling.",30
"Vikas Mehta is a SEO Analyst with 1 years of experience at Google. Skills include Social Media Marketing, Email Marketing, Google Analytics.",5
"Neha Kapoor is a HR Manager with 9 years of experience at Amazon. Skills include Employee Relations, HR Policies, Recruitment.",28
"Anjali Gupta is a Python Developer with 8 years of experience at IBM. Skills include SQL, TensorFlow, Machine Learning.",38
"Sneha Patel is a Python Developer with 9 years of experience at Amazon. Skills include Docker, Django, TensorFlow.",7
"Priya Singh is a Accountant with 10 years of experience at Meta. Skills include Budget Forecasting, Financial Modeling, Investment Analysis.",18
"Rahul Sharma is a Machine Learning Engineer with 9 years of experience at Amazon. Skills include TensorFlow, Django, REST APIs.",10
"Amit Verma is a Content Strategist with 7 years of experience at Amazon. Skills include Social Media Marketing, Content Marketing, Google Analytics.",28
"Amit Verma is a Investment Analyst with 10 years of experience at TCS. Skills include Investment Analysis, Financial Modeling, Excel.",4
"Vikas Mehta is a HR Manager with 4 years of experience at TCS. Skills include Talent Management, Recruitment, HR Policies.",4
"Rohit Kumar is a Talent Acquisition Specialist with 2 years of experience at Microsoft. Skills include Employee Relations, Talent Management, Recruitment.",32
"Priya Singh is a SEO Analyst with 3 years of experience at IBM. Skills include Google Analytics, Email Marketing, Social Media Marketing.",34
"Amit Verma is a HR Manager with 9 years of experience at IBM. Skills include Employee Relations, HR Policies, Recruitment.",26
"Anjali Gupta is a HR Generalist with 4 years of experience at Meta. Skills include HR Policies, Talent Management, Recruitment.",44
"Rohit Kumar is a HR Generalist with 2 years of experience at Amazon. Skills include Talent Management, Employee Relations, Recruitment.",25
"Neha Kapoor is a HR Generalist with 4 years of experience at Accenture. Skills include Employee Relations, Talent Management, HR Policies.",12
"Amit Verma is a HR Manager with 8 years of experience at TCS. Skills include Employee Relations, HR Policies, Talent Management.",30
"Anjali Gupta is a SEO Analyst with 3 years of experience at Microsoft. Skills include Google Analytics, Email Marketing, Content Marketing.",28
"Priya Singh is a Machine Learning Engineer with 7 years of experience at Microsoft. Skills include SQL, Flask, TensorFlow.",42
"Priya Singh is a Risk Analyst with 7 years of experience at Meta. Skills include Budget Forecasting, Risk Analysis, Excel.",29
"Priya Singh is a Risk Analyst with 8 years of experience at IBM. Skills include Risk Analysis, Investment Analysis, Budget Forecasting.",15
"Sneha Patel is a HR Manager with 9 years of experience at Accenture. Skills include Recruitment, Employee Relations, Talent Management.",9
"Anjali Gupta is a Investment Analyst with 2 years of experience at Accenture. Skills include Excel, Investment Analysis, Budget Forecasting.",7
"Anjali Gupta is a HR Manager with 7 years of experience at Microsoft. Skills include Recruitment, HR Policies, Employee Relations.",7
"Vikas Mehta is a SEO Analyst with 7 years of experience at TCS. Skills include SEO, Social Media Marketing, Email Marketing.",17
"Amit Verma is a Accountant with 10 years of experience at Meta. Skills include Budget Forecasting, Excel, Investment Analysis.",48
"Sneha Patel is a HR Manager with 3 years of experience at Accenture. Skills include Talent Management, HR Policies, Recruitment.",15
"Neha Kapoor is a Python Developer with 7 years of experience at Accenture. Skills include Django, Flask, REST APIs.",9
"Neha Kapoor is a Accountant with 2 years of experience at TCS. Skills include Investment Analysis, Risk Analysis, Budget Forecasting.",41
"Anjali Gupta is a Talent Acquisition Specialist with 4 years of experience at Microsoft. Skills include Talent Management, Employee Relations, HR Policies.",29
"Sneha Patel is a HR Generalist with 8 years of experience at Amazon. Skills include Talent Management, Employee Relations, Recruitment.",49
"Amit Verma is a Digital Marketing Specialist with 7 years of experience at Google. Skills include Google Analytics, Content Marketing, Email Marketing.",7
"Vikas Mehta is a Social Media Manager with 10 years of experience at TCS. Skills include SEO, Email Marketing, Content Marketing.",19
"Vikas Mehta is a HR Manager with 2 years of experience at TCS. Skills include Recruitment, HR Policies, Talent Management.",8
"Rohit Kumar is a Social Media Manager with 7 years of experience at Google. Skills include Social Media Marketing, Google Analytics, Content Marketing.",1
"Rohit Kumar is a HR Manager with 8 years of experience at Infosys. Skills include Recruitment, Employee Relations, Talent Management.",26
"Neha Kapoor is a Full Stack Developer with 5 years of experience at Meta. Skills include Python, REST APIs, Machine Learning.",19
"Rahul Sharma is a HR Generalist with 8 years of experience at Meta. Skills include Employee Relations, Recruitment, HR Policies.",44
"Vikas Mehta is a Investment Analyst with 3 years of experience at Google. Skills include Risk Analysis, Investment Analysis, Budget Forecasting.",23
"Neha Kapoor is a Machine Learning Engineer with 7 years of experience at Amazon. Skills include Python, Git, TensorFlow.",20
"Sneha Patel is a Backend Engineer with 9 years of experience at Google. Skills include Python, Django, Flask.",37
"Sneha Patel is a Python Developer with 5 years of experience at Google. Skills include Machine Learning, Git, Django.",24
"Amit Verma is a Risk Analyst with 4 years of experience at Meta. Skills include Financial Modeling, Budget Forecasting, Excel.",40
"Priya Singh is a Risk Analyst with 6 years of experience at Infosys. Skills include Risk Analysis, Budget Forecasting, Investment Analysis.",37
"Amit Verma is a HR Generalist with 5 years of experience at Meta. Skills include Talent Management, HR Policies, Employee Relations.",49
"Rahul Sharma is a Social Media Manager with 2 years of experience at Amazon. Skills include SEO, Content Marketing, Google Analytics.",22
"Rohit Kumar is a Full Stack Developer with 10 years of experience at Microsoft. Skills include Git, Django, Machine Learning.",37
"Rohit Kumar is a Investment Analyst with 2 years of experience at Meta. Skills include Budget Forecasting, Financial Modeling, Investment Analysis.",29
"Rahul Sharma is a Content Strategist with 6 years of experience at Accenture. Skills include SEO, Social Media Marketing, Content Marketing.",28
"Amit Verma is a Social Media Manager with 7 years of experience at IBM. Skills include Email Marketing, Social Media Marketing, Google Analytics.",40
"Anjali Gupta is a Digital Marketing Specialist with 6 years of experience at IBM. Skills include SEO, Google Analytics, Content Marketing.",2
"Rohit Kumar is a Full Stack Developer with 6 years of experience at Infosys. Skills include Machine Learning, Docker, Django.",36
"Anjali Gupta is a HR Generalist with 2 years of experience at Amazon. Skills include Employee Relations, Talent Management, HR Policies.",11
"Sneha Patel is a Talent Acquisition Specialist with 4 years of experience at Accenture. Skills include Employee Relations, Recruitment, Talent Management.",48
"Neha Kapoor is a Backend Engineer with 3 years of experience at Amazon. Skills include TensorFlow, Docker, Flask.",41
"Rohit Kumar is a HR Manager with 9 years of experience at Microsoft. Skills include Recruitment, Employee Relations, HR Policies.",1
"Rohit Kumar is a Accountant with 10 years of experience at Amazon. Skills include Risk Analysis, Investment Analysis, Budget Forecasting.",3
"Neha Kapoor is a Full Stack Developer with 9 years of experience at TCS. Skills include Machine Learning, Docker, Python.",31
"Amit Verma is a Full Stack Developer with 6 years of experience at IBM. Skills include REST APIs, Git, TensorFlow.",15
"Sneha Patel is a HR Manager with 4 years of experience at Meta. Skills include Talent Management, Recruitment, HR Policies.",44
"Sneha Patel is a Social Media Manager with 5 years of experience at Infosys. Skills include SEO, Content Marketing, Email Marketing.",41
"Rahul Sharma is a Accountant with 10 years of experience at Infosys. Skills include Risk Analysis, Budget Forecasting, Investment Analysis.",20
"Sneha Patel is a HR Generalist with 10 years of experience at Infosys. Skills include Employee Relations, Recruitment, Talent Management.",32
"Amit Verma is a Investment Analyst with 1 years of experience at Google. Skills include Risk Analysis, Budget Forecasting, Excel.",7
"Sneha Patel is a Machine Learning Engineer with 3 years of experience at Amazon. Skills include Django, TensorFlow, Docker.",12
"Rahul Sharma is a SEO Analyst with 3 years of experience at TCS. Skills include Content Marketing, Email Marketing, SEO.",7
"Vikas Mehta is a HR Manager with 8 years of experience at Microsoft. Skills include Employee Relations, Talent Management, HR Policies.",3
"Amit Verma is a Content Strategist with 2 years of experience at Microsoft. Skills include Google Analytics, Email Marketing, Social Media Marketing.",46
"Anjali Gupta is a Backend Engineer with 7 years of experience at Meta. Skills include Python, REST APIs, Flask.",40
"Neha Kapoor is a Content Strategist with 7 years of experience at TCS. Skills include Google Analytics, SEO, Social Media Marketing.",8
"Neha Kapoor is a Machine Learning Engineer with 2 years of experience at IBM. Skills include Git, REST APIs, Django.",2
"Neha Kapoor is a Content Strategist with 4 years of experience at Infosys. Skills include Email Marketing, Content Marketing, SEO.",23
"Neha Kapoor is a Risk Analyst with 6 years of experience at Infosys. Skills include Investment Analysis, Risk Analysis, Excel.",2
"Vikas Mehta is a Talent Acquisition Specialist with 3 years of experience at Accenture. Skills include Employee Relations, HR Policies, Recruitment.",30
"Vikas Mehta is a Content Strategist with 1 years of experience at Infosys. Skills include Content Marketing, Google Analytics, SEO.",20
"Rahul Sharma is a Social Media Manager with 8 years of experience at Amazon. Skills include Social Media Marketing, Content Marketing, Google Analytics.",7
"Rohit Kumar is a Content Strategist with 10 years of experience at Amazon. Skills include Content Marketing, Google Analytics, SEO.",32
"Rohit Kumar is a Backend Engineer with 10 years of experience at Google. Skills include Machine Learning, REST APIs, Django.",6
"Sneha Patel is a Talent Acquisition Specialist with 4 years of experience at TCS. Skills include Recruitment, Employee Relations, Talent Management.",14
"Anjali Gupta is a Talent Acquisition Specialist with 7 years of experience at Amazon. Skills include Employee Relations, HR Policies, Talent Management.",42
"Sneha Patel is a HR Generalist with 7 years of experience at TCS. Skills include Employee Relations, HR Policies, Talent Management.",19
"Rahul Sharma is a Digital Marketing Specialist with 4 years of experience at Google. Skills include Email Marketing, Social Media Marketing, SEO.",0
"Priya Singh is a Python Developer with 3 years of experience at Microsoft. Skills include Git, Docker, Django.",3
"Sneha Patel is a Talent Acquisition Specialist with 6 years of experience at Meta. Skills include Employee Relations, HR Policies, Recruitment.",9
"Anjali Gupta is a Talent Acquisition Specialist with 2 years of experience at Meta. Skills include Talent Management, Recruitment, HR Policies.",48
"Amit Verma is a Financial Analyst with 3 years of experience at TCS. Skills include Risk Analysis, Excel, Financial Modeling.",11
"Rahul Sharma is a Accountant with 3 years of experience at Infosys. Skills include Budget Forecasting, Investment Analysis, Financial Modeling.",45
"Anjali Gupta is a HR Manager with 6 years of experience at Meta. Skills include HR Policies, Recruitment, Talent Management.",12
"Amit Verma is a Machine Learning Engineer with 7 years of experience at Meta. Skills include REST APIs, TensorFlow, Django.",6
"Vikas Mehta is a Backend Engineer with 8 years of experience at IBM. Skills include Docker, REST APIs, Git.",0
"Rahul Sharma is a Accountant with 7 years of experience at Meta. Skills include Investment Analysis, Excel, Financial Modeling.",28
"Neha Kapoor is a SEO Analyst with 3 years of experience at Google. Skills include Email Marketing, Social Media Marketing, Google Analytics.",42
"Sneha Patel is a SEO Analyst with 4 years of experience at IBM. Skills include Email Marketing, Google Analytics, Content Marketing.",23
"Priya Singh is a Backend Engineer with 5 years of experience at Meta. Skills include Git, TensorFlow, Flask.",45
"Priya Singh is a Risk Analyst with 9 years of experience at IBM. Skills include Excel, Investment Analysis, Financial Modeling.",43
"Vikas Mehta is a Content Strategist with 8 years of experience at Infosys. Skills include Content Marketing, SEO, Google Analytics.",14
"Vikas Mehta is a Financial Analyst with 10 years of experience at Accenture. Skills include Budget Forecasting, Investment Analysis, Financial Modeling.",29
"Priya Singh is a Full Stack Developer with 7 years of experience at Accenture. Skills include Flask, TensorFlow, Docker.",7
"Amit Verma is a Social Media Manager with 3 years of experience at Google. Skills include Content Marketing, Google Analytics, Social Media Marketing.",27
"Vikas Mehta is a Social Media Manager with 3 years of experience at Infosys. Skills include SEO, Google Analytics, Content Marketing.",39
"Rohit Kumar is a Backend Engineer with 7 years of experience at Meta. Skills include Flask, Django, SQL.",43
"Priya Singh is a Investment Analyst with 2 years of experience at Microsoft. Skills include Budget Forecasting, Risk Analysis, Excel.",49
"Neha Kapoor is a HR Generalist with 4 years of experience at Amazon. Skills include Employee Relations, Recruitment, Talent Management.",4
"Rohit Kumar is a Content Strategist with 4 years of experience at Google. Skills include Google Analytics, Social Media Marketing, Email Marketing.",29
"Vikas Mehta is a Investment Analyst with 1 years of experience at Amazon. Skills include Budget Forecasting, Financial Modeling, Risk Analysis.",44
"Rohit Kumar is a Machine Learning Engineer with 6 years of experience at Amazon. Skills include TensorFlow, Flask, Machine Learning.",22
"Anjali Gupta is a HR Generalist with 1 years of experience at IBM. Skills include HR Policies, Talent Management, Employee Relations.",11
"Sneha Patel is a Digital Marketing Specialist with 3 years of experience at Infosys. Skills include Social Media Marketing, Email Marketing, Google Analytics.",41
"Priya Singh is a Digital Marketing Specialist with 7 years of experience at TCS. Skills include Content Marketing, Email Marketing, Google Analytics.",37
"Sneha Patel is a Data Scientist with 1 years of experience at Microsoft. Skills include Git, Docker, TensorFlow.",30
"Sneha Patel is a Content Strategist with 2 years of experience at Accenture. Skills include Social Media Marketing, Content Marketing, Email Marketing.",3
"Priya Singh is a Data Scientist with 5 years of experience at TCS. Skills include Django, TensorFlow, SQL.",6
"Priya Singh is a Investment Analyst with 1 years of experience at Accenture. Skills include Budget Forecasting, Excel, Risk Analysis.",27
"Anjali Gupta is a HR Generalist with 9 years of experience at Accenture. Skills include HR Policies, Employee Relations, Recruitment.",17
"Anjali Gupta is a Social Media Manager with 5 years of experience at Google. Skills include Google Analytics, Social Media Marketing, Email Marketing.",18
"Priya Singh is a Social Media Manager with 4 years of experience at Google. Skills include SEO, Email Marketing, Content Marketing.",8
"Neha Kapoor is a SEO Analyst with 10 years of experience at IBM. Skills include SEO, Google Analytics, Social Media Marketing.",33
"Priya Singh is a Accountant with 5 years of experience at Infosys. Skills include Investment Analysis, Budget Forecasting, Excel.",32
"Amit Verma is a Investment Analyst with 5 years of experience at Microsoft. Skills include Financial Modeling, Excel, Budget Forecasting.",39
"Rohit Kumar is a Investment Analyst with 10 years of experience at Accenture. Skills include Investment Analysis, Excel, Risk Analysis.",31
"Sneha Patel is a Backend Engineer with 9 years of experience at IBM. Skills include REST APIs, Docker, Flask.",39
"Rahul Sharma is a HR Generalist with 9 years of experience at IBM. Skills include Recruitment, Employee Relations, Talent Management.",17
"Anjali Gupta is a Risk Analyst with 9 years of experience at Accenture. Skills include Financial Modeling, Investment Analysis, Risk Analysis.",39
"Rohit Kumar is a Content Strategist with 10 years of experience at Google. Skills include Email Marketing, Content Marketing, Social Media Marketing.",9
"Rahul Sharma is a HR Manager with 6 years of experience at TCS. Skills include Recruitment, Talent Management, Employee Relations.",47
"Neha Kapoor is a Content Strategist with 2 years of experience at Google. Skills include Email Marketing, SEO, Social Media Marketing.",13
"Rohit Kumar is a Talent Acquisition Specialist with 9 years of experience at Accenture. Skills include Recruitment, Employee Relations, Talent Management.",43
"Vikas Mehta is a HR Generalist with 6 years of experience at Amazon. Skills include Talent Management, Employee Relations, Recruitment.",27
"Anjali Gupta is a HR Manager with 1 years of experience at Meta. Skills include Talent Management, Employee Relations, Recruitment.",46
"Priya Singh is a Accountant with 6 years of experience at TCS. Skills include Excel, Risk Analysis, Investment Analysis.",26
"Rahul Sharma is a Content Strategist with 7 years of experience at Accenture. Skills include Email Marketing, Social Media Marketing, SEO.",24
"Neha Kapoor is a HR Manager with 3 years of experience at Infosys. Skills include Talent Management, Recruitment, Employee Relations.",28
"Rahul Sharma is a Python Developer with 3 years of experience at Amazon. Skills include Flask, Docker, REST APIs.",1
"Rahul Sharma is a Python Developer with 2 years of experience at Meta. Skills include Python, Flask, REST APIs.",28
"Priya Singh is a Full Stack Developer with 3 years of experience at Accenture. Skills include Python, Docker, TensorFlow.",8
"Neha Kapoor is a Talent Acquisition Specialist with 3 years of experience at Amazon. Skills include HR Policies, Recruitment, Talent Management.",5
"Amit Verma is a Full Stack Developer with 1 years of experience at Infosys. Skills include Machine Learning, Flask, Git.",5
"Neha Kapoor is a Social Media Manager with 7 years of experience at TCS. Skills include Social Media Marketing, Google Analytics, SEO.",34
"Vikas Mehta is a Financial Analyst with 2 years of experience at Google. Skills include Risk Analysis, Investment Analysis, Excel.",49
"Neha Kapoor is a HR Generalist with 4 years of experience at Google. Skills include HR Policies, Recruitment, Employee Relations.",23
"Rahul Sharma is a Talent Acquisition Specialist with 5 years of experience at Amazon. Skills include Recruitment, Talent Management, Employee Relations.",15
"Anjali Gupta is a Content Strategist with 10 years of experience at Microsoft. Skills include Content Marketing, Google Analytics, Social Media Marketing.",10
"Anjali Gupta is a Risk Analyst with 1 years of experience at IBM. Skills include Budget Forecasting, Excel, Risk Analysis.",29
"Anjali Gupta is a Talent Acquisition Specialist with 3 years of experience at Infosys. Skills include Employee Relations, Recruitment, Talent Management.",3
"Anjali Gupta is a Data Scientist with 8 years of experience at Meta. Skills include Django, TensorFlow, SQL.",34
"Vikas Mehta is a Full Stack Developer with 9 years of experience at Infosys. Skills include REST APIs, SQL, Git.",36
"Sneha Patel is a Content Strategist with 7 years of experience at TCS. Skills include Social Media Marketing, Email Marketing, Google Analytics.",9
"Rahul Sharma is a Social Media Manager with 4 years of experience at TCS. Skills include Google Analytics, Content Marketing, SEO.",47
"Rohit Kumar is a Full Stack Developer with 6 years of experience at Google. Skills include Docker, Django, Flask.",42
"Vikas Mehta is a Machine Learning Engineer with 4 years of experience at Infosys. Skills include Flask, REST APIs, Machine Learning.",37
"Rahul Sharma is a HR Generalist with 10 years of experience at Amazon. Skills include Talent Management, Recruitment, HR Policies.",6
"Anjali Gupta is a HR Manager with 3 years of experience at Accenture. Skills include HR Policies, Recruitment, Employee Relations.",45
"Sneha Patel is a Social Media Manager with 1 years of experience at Amazon. Skills include Content Marketing, Social Media Marketing, Email Marketing.",10
"Amit Verma is a Social Media Manager with 1 years of experience at Meta. Skills include Social Media Marketing, Google Analytics, SEO.",26
"Rahul Sharma is a Financial Analyst with 2 years of experience at Amazon. Skills include Financial Modeling, Investment Analysis, Excel.",12
"Neha Kapoor is a HR Manager with 1 years of experience at Google. Skills include Employee Relations, Recruitment, HR Policies.",16
"Vikas Mehta is a Investment Analyst with 4 years of experience at IBM. Skills include Investment Analysis, Risk Analysis, Budget Forecasting.",6
"Anjali Gupta is a Data Scientist with 2 years of experience at TCS. Skills include Flask, SQL, Git.",39
"Rahul Sharma is a HR Manager with 7 years of experience at Meta. Skills include Talent Management, Employee Relations, Recruitment.",41
"Amit Verma is a Talent Acquisition Specialist with 2 years of experience at Amazon. Skills include Talent Management, HR Policies, Recruitment.",3
"Anjali Gupta is a Financial Analyst with 5 years of experience at Meta. Skills include Financial Modeling, Excel, Risk Analysis.",18
"Priya Singh is a HR Manager with 1 years of experience at Amazon. Skills include Talent Management, HR Policies, Employee Relations.",0
"Priya Singh is a Financial Analyst with 7 years of experience at Amazon. Skills include Excel, Financial Modeling, Investment Analysis.",17
"Rahul Sharma is a SEO Analyst with 1 years of experience at TCS. Skills include Email Marketing, Content Marketing, Google Analytics.",33
"Amit Verma is a HR Manager with 10 years of experience at Google. Skills include Employee Relations, HR Policies, Recruitment.",18
"Vikas Mehta is a Machine Learning Engineer with 5 years of experience at Meta. Skills include Flask, REST APIs, Django.",21
"Priya Singh is a Full Stack Developer with 8 years of experience at Accenture. Skills include Django, Machine Learning, TensorFlow.",22
"Neha Kapoor is a Accountant with 7 years of experience at TCS. Skills include Investment Analysis, Excel, Risk Analysis.",35
"Neha Kapoor is a Social Media Manager with 8 years of experience at IBM. Skills include Content Marketing, Social Media Marketing, Email Marketing.",11
"Rahul Sharma is a Content Strategist with 4 years of experience at Accenture. Skills include SEO, Google Analytics, Social Media Marketing.",16
"Anjali Gupta is a Backend Engineer with 2 years of experience at Google. Skills include TensorFlow, Machine Learning, Docker.",36
"Rohit Kumar is a Full Stack Developer with 1 years of experience at Amazon. Skills include Python, Machine Learning, Docker.",13
"Vikas Mehta is a Digital Marketing Specialist with 4 years of experience at TCS. Skills include Social Media Marketing, Content Marketing, Email Marketing.",4
"Neha Kapoor is a Investment Analyst with 6 years of experience at Accenture. Skills include Financial Modeling, Risk Analysis, Excel.",47
"Rohit Kumar is a Data Scientist with 9 years of experience at Microsoft. Skills include Python, SQL, REST APIs.",0
"Neha Kapoor is a Data Scientist with 2 years of experience at Google. Skills include Flask, TensorFlow, Docker.",49
"Rohit Kumar is a Social Media Manager with 4 years of experience at Microsoft. Skills include Google Analytics, SEO, Content Marketing.",15
"Sneha Patel is a Full Stack Developer with 9 years of experience at TCS. Skills include Django, Flask, Docker.",43
"Rahul Sharma is a Investment Analyst with 8 years of experience at Accenture. Skills include Excel, Budget Forecasting, Financial Modeling.",30
"Rohit Kumar is a HR Generalist with 8 years of experience at Google. Skills include HR Policies, Recruitment, Talent Management.",1
"Priya Singh is a Talent Acquisition Specialist with 9 years of experience at Microsoft. Skills include Employee Relations, HR Policies, Talent Management.",0
"Priya Singh is a Full Stack Developer with 8 years of experience at Accenture. Skills include Machine Learning, Django, Python.",24
"Sneha Patel is a Financial Analyst with 3 years of experience at Microsoft. Skills include Risk Analysis, Excel, Investment Analysis.",10
"Neha Kapoor is a HR Generalist with 1 years of experience at Google. Skills include Talent Management, HR Policies, Employee Relations.",42
"Anjali Gupta is a Investment Analyst with 4 years of experience at Google. Skills include Investment Analysis, Budget Forecasting, Financial Modeling.",21
"Sneha Patel is a Social Media Manager with 10 years of experience at Microsoft. Skills include Content Marketing, Google Analytics, SEO.",48
"Vikas Mehta is a Machine Learning Engineer with 1 years of experience at Google. Skills include Git, Machine Learning, TensorFlow.",24
"Rohit Kumar is a Digital Marketing Specialist with 8 years of experience at Meta. Skills include Email Marketing, Social Media Marketing, Content Marketing.",11
"Rohit Kumar is a Machine Learning Engineer with 9 years of experience at Amazon. Skills include Python, Docker, Git.",12
"Priya Singh is a Python Developer with 3 years of experience at Infosys. Skills include Flask, TensorFlow, Machine Learning.",22
"Rohit Kumar is a Python Developer with 3 years of experience at Amazon. Skills include REST APIs, Python, Flask.",21
"Neha Kapoor is a Risk Analyst with 1 years of experience at Google. Skills include Budget Forecasting, Investment Analysis, Risk Analysis.",29
"Vikas Mehta is a Social Media Manager with 10 years of experience at IBM. Skills include Social Media Marketing, Email Marketing, SEO.",25
"Priya Singh is a HR Manager with 4 years of experience at Infosys. Skills include Recruitment, Talent Management, Employee Relations.",4
"Rahul Sharma is a Data Scientist with 6 years of experience at TCS. Skills include Django, SQL, Docker.",44
"Rohit Kumar is a Python Developer with 1 years of experience at IBM. Skills include Git, Flask, REST APIs.",9
"Rohit Kumar is a Data Scientist with 4 years of experience at IBM. Skills include Git, Django, Python.",40
"Priya Singh is a Data Scientist with 5 years of experience at Accenture. Skills include Django, SQL, Docker.",35
"Amit Verma is a Social Media Manager with 6 years of experience at TCS. Skills include Content Marketing, Email Marketing, SEO.",31
"Vikas Mehta is a Talent Acquisition Specialist with 9 years of experience at Infosys. Skills include Talent Management, Recruitment, HR Policies.",17
"Vikas Mehta is a SEO Analyst with 8 years of experience at Amazon. Skills include SEO, Email Marketing, Content Marketing.",35
"Rahul Sharma is a Data Scientist with 8 years of experience at Accenture. Skills include REST APIs, Flask, SQL.",7
"Rahul Sharma is a Machine Learning Engineer with 10 years of experience at Meta. Skills include Machine Learning, REST APIs, TensorFlow.",34
"Neha Kapoor is a Machine Learning Engineer with 4 years of experience at Microsoft. Skills include Django, Docker, SQL.",12
"Priya Singh is a Machine Learning Engineer with 10 years of experience at Google. Skills include Git, Docker, Python.",23
"Anjali Gupta is a Full Stack Developer with 7 years of experience at Google. Skills include Django, SQL, Python.",42
"Sneha Patel is a Accountant with 8 years of experience at Amazon. Skills include Financial Modeling, Risk Analysis, Excel.",8
"Rohit Kumar is a Accountant with 7 years of experience at Infosys. Skills include Investment Analysis, Excel, Risk Analysis.",1
"Rahul Sharma is a Machine Learning Engineer with 2 years of experience at TCS. Skills include TensorFlow, Docker, Python.",35
"Amit Verma is a SEO Analyst with 3 years of experience at IBM. Skills include Google Analytics, Email Marketing, Content Marketing.",18
"Priya Singh is a Full Stack Developer with 7 years of experience at IBM. Skills include Docker, Python, Machine Learning.",45
"Rohit Kumar is a Investment Analyst with 10 years of experience at Meta. Skills include Budget Forecasting, Financial Modeling, Investment Analysis.",2
"Neha Kapoor is a Investment Analyst with 3 years of experience at Amazon. Skills include Budget Forecasting, Excel, Investment Analysis.",43
"Priya Singh is a Content Strategist with 7 years of experience at Infosys. Skills include SEO, Google Analytics, Content Marketing.",21
"Neha Kapoor is a SEO Analyst with 8 years of experience at Accenture. Skills include Content Marketing, SEO, Google Analytics.",48
"Neha Kapoor is a Backend Engineer with 8 years of experience at Google. Skills include Machine Learning, TensorFlow, REST APIs.",38
"Anjali Gupta is a Investment Analyst with 3 years of experience at TCS. Skills include Investment Analysis, Excel, Budget Forecasting.",28
"Anjali Gupta is a HR Manager with 7 years of experience at TCS. Skills include HR Policies, Recruitment, Employee Relations.",45
"Rohit Kumar is a Investment Analyst with 3 years of experience at Google. Skills include Investment Analysis, Budget Forecasting, Financial Modeling.",16
"Rohit Kumar is a Accountant with 1 years of experience at Meta. Skills include Excel, Investment Analysis, Risk Analysis.",5
"Anjali Gupta is a Machine Learning Engineer with 8 years of experience at Meta. Skills include Git, Docker, Flask.",9
"Amit Verma is a Risk Analyst with 1 years of experience at Infosys. Skills include Budget Forecasting, Financial Modeling, Excel.",33
"Anjali Gupta is a HR Manager with 5 years of experience at Meta. Skills include Employee Relations, Recruitment, Talent Management.",11
"Vikas Mehta is a Risk Analyst with 8 years of experience at Google. Skills include Financial Modeling, Budget Forecasting, Investment Analysis.",17
"Sneha Patel is a HR Manager with 3 years of experience at Infosys. Skills include Talent Management, Employee Relations, HR Policies.",5
"Amit Verma is a Talent Acquisition Specialist with 9 years of experience at Accenture. Skills include Employee Relations, HR Policies, Talent Management.",22
"Rahul Sharma is a Digital Marketing Specialist with 6 years of experience at Microsoft. Skills include Google Analytics, Content Marketing, SEO.",2
"Rohit Kumar is a Financial Analyst with 1 years of experience at Meta. Skills include Investment Analysis, Budget Forecasting, Excel.",47
"Vikas Mehta is a Social Media Manager with 10 years of experience at Microsoft. Skills include Social Media Marketing, Content Marketing, SEO.",10
"Amit Verma is a HR Generalist with 6 years of experience at Microsoft. Skills include Recruitment, HR Policies, Employee Relations.",41
"Rahul Sharma is a Talent Acquisition Specialist with 5 years of experience at IBM. Skills include Employee Relations, Recruitment, Talent Management.",18
"Priya Singh is a HR Generalist with 4 years of experience at Google. Skills include Recruitment, Talent Management, HR Policies.",1
"Sneha Patel is a Investment Analyst with 2 years of experience at Amazon. Skills include Financial Modeling, Investment Analysis, Budget Forecasting.",15
"Anjali Gupta is a Investment Analyst with 1 years of experience at IBM. Skills include Budget Forecasting, Financial Modeling, Investment Analysis.",8
"Rohit Kumar is a HR Manager with 5 years of experience at Meta. Skills include Talent Management, Recruitment, HR Policies.",19
"Neha Kapoor is a Data Scientist with 5 years of experience at Microsoft. Skills include Git, TensorFlow, SQL.",39
"Amit Verma is a Financial Analyst with 3 years of experience at Accenture. Skills include Investment Analysis, Risk Analysis, Budget Forecasting.",1
"Priya Singh is a Talent Acquisition Specialist with 1 years of experience at Google. Skills include Employee Relations, Recruitment, HR Policies.",49
"Rohit Kumar is a Data Scientist with 7 years of experience at Infosys. Skills include Flask, Docker, Machine Learning.",34
"Rohit Kumar is a SEO Analyst with 7 years of experience at Accenture. Skills include Email Marketing, Content Marketing, Social Media Marketing.",31
"Anjali Gupta is a Accountant with 4 years of experience at Microsoft. Skills include Risk Analysis, Investment Analysis, Excel.",9
"Vikas Mehta is a Social Media Manager with 1 years of experience at TCS. Skills include SEO, Email Marketing, Social Media Marketing.",41
"Anjali Gupta is a HR Generalist with 4 years of experience at Microsoft. Skills include HR Policies, Employee Relations, Talent Management.",47
"Rahul Sharma is a Backend Engineer with 5 years of experience at Microsoft. Skills include Django, Flask, Docker.",43
"Vikas Mehta is a Machine Learning Engineer with 9 years of experience at Microsoft. Skills include Django, Git, SQL.",27
"Rohit Kumar is a HR Manager with 5 years of experience at Microsoft. Skills include Employee Relations, Recruitment, HR Policies.",30
"Neha Kapoor is a Talent Acquisition Specialist with 6 years of experience at IBM. Skills include HR Policies, Recruitment, Employee Relations.",39
"Neha Kapoor is a Data Scientist with 7 years of experience at Microsoft. Skills include Git, Machine Learning, Python.",10
"Amit Verma is a Accountant with 10 years of experience at Google. Skills include Budget Forecasting, Investment Analysis, Risk Analysis.",8
"Vikas Mehta is a Python Developer with 6 years of experience at Amazon. Skills include REST APIs, Docker, Flask.",10
"Vikas Mehta is a HR Manager with 6 years of experience at Meta. Skills include HR Policies, Employee Relations, Talent Management.",38
"Neha Kapoor is a Machine Learning Engineer with 5 years of experience at Accenture. Skills include Docker, REST APIs, Machine Learning.",19
"Rohit Kumar is a Accountant with 5 years of experience at IBM. Skills include Budget Forecasting, Excel, Risk Analysis.",39
"Amit Verma is a Talent Acquisition Specialist with 7 years of experience at Meta. Skills include Recruitment, Talent Management, HR Policies.",6
"Priya Singh is a Digital Marketing Specialist with 5 years of experience at IBM. Skills include Google Analytics, Email Marketing, SEO.",27
"Amit Verma is a Machine Learning Engineer with 3 years of experience at Google. Skills include Docker, Machine Learning, Python.",28
"Anjali Gupta is a HR Manager with 7 years of experience at Amazon. Skills include HR Policies, Talent Management, Employee Relations.",20
"Vikas Mehta is a HR Manager with 8 years of experience at Meta. Skills include Talent Management, Recruitment, Employee Relations.",28
"Neha Kapoor is a Social Media Manager with 4 years of experience at Meta. Skills include Social Media Marketing, Google Analytics, Content Marketing.",14
"Rohit Kumar is a Content Strategist with 3 years of experience at IBM. Skills include Content Marketing, Social Media Marketing, SEO.",45
"Vikas Mehta is a Python Developer with 2 years of experience at Google. Skills include SQL, Docker, Django.",11
"Neha Kapoor is a Investment Analyst with 7 years of experience at Microsoft. Skills include Investment Analysis, Risk Analysis, Budget Forecasting.",12
"Priya Singh is a Investment Analyst with 7 years of experience at Infosys. Skills include Risk Analysis, Financial Modeling, Investment Analysis.",49
"Sneha Patel is a HR Manager with 4 years of experience at Infosys. Skills include Talent Management, Recruitment, HR Policies.",37
"Sneha Patel is a Talent Acquisition Specialist with 3 years of experience at Microsoft. Skills include Employee Relations, HR Policies, Talent Management.",22
"Rohit Kumar is a Backend Engineer with 8 years of experience at Infosys. Skills include REST APIs, Django, Machine Learning.",8
"Amit Verma is a Data Scientist with 5 years of experience at Google. Skills include Flask, TensorFlow, Docker.",37
"Rohit Kumar is a Accountant with 8 years of experience at Amazon. Skills include Budget Forecasting, Risk Analysis, Excel.",3
"Amit Verma is a HR Generalist with 6 years of experience at Infosys. Skills include Recruitment, HR Policies, Talent Management.",29
"Rohit Kumar is a Talent Acquisition Specialist with 7 years of experience at Google. Skills include Talent Management, HR Policies, Recruitment.",27
"Rohit Kumar is a Accountant with 1 years of experience at IBM. Skills include Investment Analysis, Risk Analysis, Excel.",25
"Neha Kapoor is a HR Manager with 4 years of experience at Accenture. Skills include Recruitment, Talent Management, HR Policies.",30
"Rahul Sharma is a Social Media Manager with 4 years of experience at Google. Skills include Content Marketing, Social Media Marketing, Email Marketing.",2
"Amit Verma is a Data Scientist with 8 years of experience at Amazon. Skills include TensorFlow, Flask, SQL.",36
"Anjali Gupta is a Risk Analyst with 4 years of experience at Amazon. Skills include Excel, Financial Modeling, Risk Analysis.",6
"Sneha Patel is a Accountant with 7 years of experience at Amazon. Skills include Excel, Budget Forecasting, Risk Analysis.",47
"Sneha Patel is a Python Developer with 3 years of experience at Accenture. Skills include Django, SQL, Docker.",43
"Anjali Gupta is a Risk Analyst with 6 years of experience at Meta. Skills include Excel, Risk Analysis, Budget Forecasting.",34
"Rohit Kumar is a Accountant with 7 years of experience at Meta. Skills include Risk Analysis, Budget Forecasting, Excel.",26
"Priya Singh is a Talent Acquisition Specialist with 9 years of experience at Amazon. Skills include Talent Management, Employee Relations, HR Policies.",23
"Rahul Sharma is a Accountant with 1 years of experience at Microsoft. Skills include Risk Analysis, Financial Modeling, Investment Analysis.",18
"Neha Kapoor is a Talent Acquisition Specialist with 9 years of experience at Infosys. Skills include Recruitment, HR Policies, Talent Management.",34
"Anjali Gupta is a HR Manager with 5 years of experience at IBM. Skills include Employee Relations, Recruitment, Talent Management.",19
"Neha Kapoor is a HR Manager with 4 years of experience at IBM. Skills include HR Policies, Recruitment, Employee Relations.",19
"Anjali Gupta is a Backend Engineer with 7 years of experience at Amazon. Skills include Django, Git, Docker.",18
"Sneha Patel is a Risk Analyst with 7 years of experience at Microsoft. Skills include Financial Modeling, Investment Analysis, Excel.",15
"Anjali Gupta is a Machine Learning Engineer with 7 years of experience at Microsoft. Skills include Machine Learning, REST APIs, TensorFlow.",13
"Neha Kapoor is a Financial Analyst with 6 years of experience at Google. Skills include Excel, Investment Analysis, Budget Forecasting.",49
"Rahul Sharma is a SEO Analyst with 3 years of experience at Accenture. Skills include Social Media Marketing, Google Analytics, SEO.",42
"Sneha Patel is a Accountant with 2 years of experience at Google. Skills include Investment Analysis, Budget Forecasting, Risk Analysis.",40
"Priya Singh is a Digital Marketing Specialist with 4 years of experience at Microsoft. Skills include SEO, Social Media Marketing, Email Marketing.",37
